[
  {
    "id": 1,
    "character": "Roger 'Verbal' Kint",
    "actor": "Kevin Spacey",
    "movie": "The Usual Suspects (1995)",
    "date": "1995-10-01"
  },
  {
    "id": 2,
    "character": "Kevin McCallister",
    "actor": "Macauley Culkin",
    "movie": "Home Alone (1990) and one later film",
    "date": "1990-08-13"
  },
  {
    "id": 3,
    "character": "Antoine Doinel",
    "actor": "Jean Pierre Leaud",
    "movie": "The 400 Blows (1959) and four later films",
    "date": "1959-04-10"
  },
  {
    "id": 4,
    "character": "Ace Ventura",
    "actor": "Jim Carrey",
    "movie": "Ace Ventura: Pet Detective (1994) and later films",
    "date": "1994-04-10"
  },
  {
    "id": 5,
    "character": "Tommy DeVito",
    "actor": "Joe Pesci",
    "movie": "GoodFellas (1990)",
    "date": "1990-03-10"
  },
  {
    "id": 6,
    "character": "Rose Sayer",
    "actor": "Katharine Hepburn",
    "movie": "The African Queen (1951)",
    "date": "1951-08-10"
  },
  {
    "id": 7,
    "character": "Harry Lime",
    "actor": "Orson Welles",
    "movie": "The Third Man (1949)",
    "date": "1949-09-08"
  },
  {
    "id": 8,
    "character": "Sandy Olsson",
    "actor": "Olivia Newton-John",
    "movie": "Grease (1978)",
    "date": "1978-02-15"
  },
  {
    "id": 9,
    "character": "Stanley Kowalski",
    "actor": "Marlon Brando",
    "movie": "A Streetcar Named Desire (1951)",
    "date": "1951-06-21"
  },
  {
    "id": 10,
    "character": "Aurora Greenway",
    "actor": "Shirley MacLaine",
    "movie": "Terms of Endearment (1983) and one later film",
    "date": "1983-04-14"
  }
]
